title,author,runtime
Burner,Mark Greaney, 16 hrs and 37 mins
The Endless Field in South,Dinh Dong, 1 hr and 47 mins
The Housemaid's Secret,Freida McFadden, 9 hrs and 44 mins
Things We Hide from the Light,Lucy Score, 17 hrs and 36 mins
Holly,Stephen King, 16 hrs
In a Jam,Kate Canterbary, 15 hrs and 54 mins
Storm Watch,C. J. Box, 12 hrs and 15 mins
Angron: The Red Angel,David Guymer, 10 hrs and 57 mins
League of Auld,Edward Savio, 12 hrs and 46 mins
Only the Dead,Jack Carr, 12 hrs
Unleashed,Joshua Dalzelle, 8 hrs and 27 mins
Dempsey,"Jeffrey Wilson,Brian Andrews", 12 hrs and 14 mins
Prince of Lies,Lucy Lennox, 10 hrs and 26 mins
Jungle World,B.V. Larson, 13 hrs and 59 mins
Payback in Death,J. D. Robb, 13 hrs
Powerless,Elsie Silver, 10 hrs and 25 mins
Roots,Alex Haley, 27 hrs and 36 mins
Rise of the Fourth Reich,"Steve Deace,Daniel Horowitz", 11 hrs and 23 mins
The Obstacle Is the Way,Ryan Holiday, 4 hrs and 38 mins
Drama King,Penny Reid, 11 hrs and 47 mins
The Lord Ruler,Alvin Atwater, 17 hrs and 39 mins
Dragonslayer,Craig Alanson, 16 hrs and 40 mins
The Lost Relic,Vaughn Heppner, 14 hrs and 34 mins
Graves on the Fens,Joy Ellis, 10 hrs and 50 mins
Tears of Liscor,pirateaba, 42 hrs and 3 mins
The Awe of God,John Bevere, 7 hrs and 28 mins
Foul Play,Helena Marchmont, 2 hrs and 57 mins
Don't Let Me Break,Kelsie Rae, 10 hrs and 19 mins
The White Pill,Michael Malice, 9 hrs and 11 mins
Made for You,Natasha Madison, 7 hrs and 27 mins
Esrahaddon,Michael J. Sullivan, Not Yet Known
Whiskey Lies,Brittanee Nicole, 11 hrs and 48 mins
The Red Pyramid,Rick Riordan, 14 hrs and 33 mins
The Path of Ascension 2,C. Mantis, 17 hrs and 38 mins
Heartless,Elsie Silver, 9 hrs and 51 mins
Resurrection Walk,Michael Connelly, 12 hrs
Smoke Screen,Bradley Wright, 6 hrs and 49 mins
The Alpha Female Wolf,"Rick McIntyre,Jane Goodall - foreword", 6 hrs and 40 mins
"Hartman's Nursing Assistant Care: The Basics, 6th Edition","Jetta Fuzy MS RN,Hartman Publishing Inc.", 17 hrs and 25 mins
How to Save the West,Spencer Klavan, 6 hrs and 33 mins
Alt System,Tom Larcombe, 13 hrs and 25 mins
The Sound of Light,Sarah Sundin, 11 hrs and 28 mins
Lunatic,Onley James, 7 hrs and 49 mins
Earthside,Dennis E. Taylor, 8 hrs and 55 mins
Skinwalkers at the Pentagon,"James T. Lacatski DEng,Colm A. Kelleher PhD,George Knapp,various", 6 hrs and 12 mins
Throttled,Lauren Asher, 10 hrs and 21 mins
The Fortifier,D.K. Landtroop, 10 hrs and 9 mins
System Reborn Vol 1 & 2,Kaz Hunter, 10 hrs and 13 mins
Young Forever,Dr. Mark Hyman MD, 9 hrs and 28 mins
I Have Some Questions for You,Rebecca Makkai, 14 hrs and 4 mins
The Urgent Life,Bozoma Saint John, 7 hrs and 56 mins
The Emotional Lives of Teenagers,Lisa Damour Ph.D., 6 hrs and 15 mins
Forever Paired,Kathleen Brooks, 7 hrs and 20 mins
Tú eres lo único que falta en tu vida [You Are the Only Thing Missing in Your Life],Borja Vilaseca, 8 hrs and 28 mins
Poison Roses,"Tate James,Jaymin Eve", 8 hrs and 25 mins
The Book Spy,Alan Hlad, 11 hrs and 23 mins
Conduit Crisis,Louisa Masters, 6 hrs and 57 mins
Unbroken Bonds,J Bree, 10 hrs and 49 mins
Little Bird,Ria Wilde, 6 hrs and 18 mins
The Case Against the Sexual Revolution,Louise Perry, 6 hrs and 4 mins
Badges of Dorkdom: The Complete Series,Theo Hodges, 40 hrs and 17 mins
Jim Bridger,Jerry Enzler, 13 hrs and 41 mins
All My Knotted-Up Life,Beth Moore, 8 hrs and 29 mins
It's OK to Be Angry About Capitalism,"Senator Bernie Sanders,John Nichols", 10 hrs and 59 mins
Sapphire Scars,Nicole Fox, 9 hrs and 56 mins
I'm Not Charlotte Lucas,Kasey Stockton, 8 hrs and 56 mins
Christ-Centered Dating,Mark Ballenger, 6 hrs and 38 mins
Future Wife,Nicole Pyland, 9 hrs and 7 mins
The Final Nephilim,Ryan Pitterson, 17 hrs and 27 mins
Solid as Steele,Susan Sleeman, 9 hrs and 35 mins
Gray Tidings,Hailey Edwards, 8 hrs and 42 mins
The Auction,Maggie Cole, 9 hrs and 54 mins
Uprising,Kris Vallotton, 5 hrs and 21 mins
Reclusive Mage,Inadvisably Compelled, 12 hrs and 27 mins
Every Shot Counts,Mark Broadie, 6 hrs and 28 mins
"FOUR x4 - Four Series, Books 5-8",Stephanie Brother, 24 hrs and 26 mins
The Big Fix,Mary Calmes, 8 hrs and 31 mins
When She Unravels,Gabrielle Sands, 10 hrs and 19 mins
House of Beating Wings,Olivia Wildenstein, 15 hrs and 30 mins
Starseeds What's It All About?,Alexander Quinn, 12 hrs and 22 mins
Postcards from Stella Maris,Susan M. Boyer, 1 hr and 50 mins
Shifter Girls: Overdrive,Michael Dalton, 6 hrs and 10 mins
Dragon,Kat Blackthorne, 10 hrs and 14 mins
The Cursed Among Us,John Durgin, 6 hrs and 32 mins
Code Red,"Vince Flynn,Kyle Mills", 9 hrs and 30 mins
Stick Shift,K.M. Neuhold, 6 hrs and 38 mins
Murder Through the Mirror,L.B. Hathaway, 3 hrs and 48 mins
Gothic,Philip Fracassi, 10 hrs and 16 mins
The Farm Book 4: Behind the Curve,Boyd Craven III, 7 hrs and 23 mins
Old World War,Melissa F. Olson, 12 hrs and 4 mins
"Bent, Not Broken",Rick Gualtieri, 12 hrs and 33 mins
Saving Supervillains 3,Bruce Sentar, 10 hrs and 37 mins
Asking Better Questions of the Bible,Marty Solomon, 4 hrs and 33 mins
Nuclear War Survival,"David Kobler,JD Dutra", 1 hr and 19 mins
Fraser,Susan May Warren, 8 hrs and 38 mins
Vicious Bonds,Shanora Williams, 12 hrs and 24 mins
Cat's Chance in Hell,Meghan Maslow, 11 hrs and 47 mins
Vicious Lies,Rachel Leigh, 7 hrs and 35 mins
The Smuggler's Legacy,Franklin W. Dixon, 3 hrs and 50 mins
Prometheus Rising,Robert Anton Wilson, 7 hrs and 57 mins
Grizzly Killer: Spirit of the Mountain,Lane R. Warenski, 7 hrs and 56 mins
Never Marry Your Brother's Best Friend,Lauren Landish, 11 hrs and 25 mins
Optimize Your Health with Therapeutic Peptides,Jay Campbell, 3 hrs and 1 min
Seabreeze Reunion,Jan Moran, 6 hrs and 38 mins
Forest of Foes,Matthew Harffy, 14 hrs and 28 mins
Confessions of the Funny Fat Friend,Kelsie Hoss, 9 hrs and 52 mins
"Come, Lord Jesus",John Piper, 7 hrs and 50 mins
Tragic Bonds,J Bree, 10 hrs and 4 mins
From a Soul Friend,John O'Donohue PhD, 8 hrs and 31 mins
Confrontations,Jacques Vallee, 8 hrs and 37 mins
The Rose Girls,Jennifer Chase, 9 hrs and 40 mins
Cultivator vs. System: The Complete Series,Valerios, 37 hrs and 52 mins
A Contracted Spouse for the Prizefighter,Alice Coldbreath, 15 hrs and 43 mins
Your Place or Mine?,Portia MacIntosh, 7 hrs and 43 mins
Happy Place,Emily Henry, Not Yet Known
Torith,SunriseCV, 14 hrs and 16 mins
Dark Alliance Turbulent Waters,I. T. Lucas, 8 hrs and 21 mins
The Silence of Unworthy Gods,Andrew Rowe, 20 hrs and 43 mins
Shores of Despair,Mark Tufo, Not Yet Known
Billionaire Unclaimed: Chase,J. S. Scott, 7 hrs and 32 mins
A Game of Hearts,Joanna Barker, 11 hrs and 16 mins
Sinful Crown,Ava Harrison, 9 hrs and 8 mins
The Leadership Challenge (7th Edition),"James M. Kouzes,Barry Z. Posner", 11 hrs and 14 mins
My Kind of Town,Shelly Laurenston, 4 hrs and 23 mins
High Impact,Freya Barker, 7 hrs and 30 mins
Spare,Prince Harry The Duke of Sussex, 15 hrs and 39 mins
Dismount,Lucia Franco, 13 hrs and 24 mins
Valkyrie,Kris Michaels, 7 hrs and 6 mins
The Empire,Ivan Kal, 35 hrs and 5 mins
The Winter Soldier: Cold Front,Mackenzi Lee, 9 hrs and 21 mins
Resisting the Alpha,Skye Wilson, 9 hrs
One Girl in All the World,Kendare Blake, 10 hrs and 31 mins
Private Pilot Blueprint,Jason Schappert, 2 hrs and 9 mins
Never Lie,Freida McFadden, 7 hrs and 22 mins
Murder in Chianti,T A Williams, 6 hrs and 44 mins
Hell Divers X: Fallout,Nicholas Sansbury Smith, 12 hrs and 59 mins
Three Widows,Patricia Gibney, 13 hrs and 45 mins
Irish Coffee Murder,"Leslie Meier,Lee Hollis,Barbara Ross", 10 hrs and 16 mins
Blaze of Fury,Annabel Chase, 5 hrs and 33 mins
Vanguard,Apollos Thorne, 17 hrs and 51 mins
Days of the Living Christ: Volume 1,W. Cleon Skousen, 13 hrs and 22 mins
Real Romance,"Mark Driscoll,Grace Driscoll", 7 hrs
The Cabinet of Dr. Leng,"Douglas Preston,Lincoln Child", 14 hrs and 24 mins
Walk the Blue Line,"James Patterson,Matt Eversmann,Chris Mooney", 8 hrs and 17 mins
The House of Wolves,"James Patterson,Mike Lupica", 8 hrs and 46 mins
Believing Me,Ingrid Clayton, 7 hrs and 15 mins
The Sceptic,Lily Morton, 11 hrs and 18 mins
Striker,Anna Hackett, 5 hrs and 41 mins
Serpent Rising,Neven Paar, 28 hrs and 40 mins
The Last Aether,Tessa Hale, 6 hrs and 34 mins
Uploaded,Burkley Orion Smith, 13 hrs and 8 mins
A Long Time Coming,Meghan Quinn, 12 hrs and 22 mins
The 6 Types of Working Genius,Patrick M. Lencioni, 4 hrs and 11 mins
The Anxiety Audit,Lynn Lyons LICSW, 6 hrs and 13 mins
Can't Say Goodbye,Eden Finley, 8 hrs and 5 mins
Smarter Not Harder,Dave Asprey, 8 hrs and 30 mins
Outlive,"Peter Attia MD,Bill Gifford - contributor", 17 hrs and 7 mins
Silver Master,Jayne Castle, 9 hrs and 37 mins
A Thousand Li: The Third Realm,Tao Wong, 14 hrs and 3 mins
A Sinister Revenge,Deanna Raybourn, 12 hrs and 3 mins
Matchmaking the Rival,Layla Hagen, 7 hrs and 13 mins
Fierce Queen,Sadie Kincaid, 7 hrs and 51 mins
Women with ADHD,"Sarah Davis,Linda Hill", 3 hrs and 37 mins
A Little Life,Hanya Yanagihara, 32 hrs and 51 mins
Children of Memory,Adrian Tchaikovsky, 13 hrs and 27 mins
Monsters and How to Tame Them,Kevin Hart, 5 hrs and 37 mins
Deadly Force,Massad Ayoob, 10 hrs and 4 mins
Flawless,Elsie Silver, 9 hrs and 44 mins
Here Lie the Dead,JD Kirk, 12 hrs and 53 mins
Doglapan,Ashneer Grover, 6 hrs and 30 mins
Why We Forget and How to Remember Better,"Andrew E. Budson MD,Elizabeth A. Kensinger PhD,Daniel L. Schacter PhD - foreword", 12 hrs and 7 mins
Magnus,Dale Mayer, 6 hrs and 18 mins
All-in on AI,"Tom Davenport,Nitin Mittal", 6 hrs and 48 mins
The Prince Goes Nuclear,Matthew Howry, 11 hrs and 52 mins
Someone Else's Shoes,Jojo Moyes, 12 hrs and 21 mins
Fast Like a Girl,Dr. Mindy Pelz, 8 hrs and 13 mins
"Secular, Sacred, Spirit",Blake K. Healy, 3 hrs and 29 mins
The Ex I'd Love to Hate,Nadia Lee, 15 hrs and 13 mins
Looking for the Hidden Folk,Nancy Marie Brown, 8 hrs and 25 mins
Godly Wars,Brad Magnarella, 9 hrs and 5 mins
"You Can't Kiss the Nanny, Brady Banks",Piper Rayne, 6 hrs and 24 mins
Freaky Crush,Amanda M. Lee, 9 hrs and 17 mins
Men's Work,Connor Beaton, 9 hrs and 27 mins
The Devine Doughnut Shop,Carolyn Brown, 8 hrs and 20 mins
Radiant Sin,Katee Robert, 10 hrs and 10 mins
How to Be Love(d),Humble the Poet, 6 hrs and 39 mins
Tower of the Noobs,Ryan Rimmel, 16 hrs and 40 mins
The Secret Life of Sunflowers,"Marta Molnar,Dana Marton", 9 hrs and 52 mins
The Water Is Wide,Pat Conroy, 9 hrs and 17 mins
"Stocks for the Long Run, 6th Edition",Jeremy J. Siegel, 13 hrs and 41 mins
The Answer to Anxiety,Joyce Meyer, 3 hrs
Objective Secure,Nick Lavery, 8 hrs and 42 mins
The Light We Carry,Michelle Obama, 9 hrs and 59 mins
The House at the End of the World,Dean Koontz, 10 hrs and 22 mins
Twisted Secrets,Rachel Leigh, 8 hrs and 44 mins
About Last Night,Aimee Nicole Walker, 7 hrs
Pen Pal,J.T. Geissinger, 7 hrs and 54 mins
Stop Overthinking Your Relationship,"Alicia Muñoz LPC,Linda Carroll LMFT - foreword", 7 hrs and 22 mins
The Abandoned Chase,Cap Daniels, 8 hrs and 15 mins
The 13th God,Edward W. Robertson, 22 hrs and 38 mins
Furry Fortunes,Danielle Garrett, 5 hrs and 50 mins
Start with Why,Simon Sinek, 7 hrs and 18 mins
Why We Sleep,Matthew Walker, 13 hrs and 52 mins
Ignite Your Life,Barry Meguiar, 5 hrs and 35 mins
Call Me Anne,Anne Heche, 3 hrs and 17 mins
Man-Eaters of Kumaon,Jim Corbett, 8 hrs and 15 mins
Jasper Vale,Devney Perry, 9 hrs and 53 mins
Of Boys and Men,Richard V. Reeves, 6 hrs and 55 mins
How to Win Friends & Influence People,Dale Carnegie, 7 hrs and 15 mins
Never Split the Difference,Chris Voss, 8 hrs and 7 mins
The Total Money Makeover,Dave Ramsey, 3 hrs and 41 mins
Hunting Adeline,H. D. Carlton, 17 hrs and 24 mins
One Bossy Proposal,Nicole Snow, 14 hrs and 42 mins
I Dare You to Love Me,Lori G. Matthews, 8 hrs and 53 mins
City of Likes,Jenny Mollen, 7 hrs and 5 mins
Twisted,Emily McIntire, 10 hrs and 44 mins
In Order to Live,Yeonmi Park, 9 hrs and 37 mins
Raising Men,"Eric Davis,Dina Santorelli - contributor", 6 hrs and 41 mins
It Didn't Start with You,Mark Wolynn, 8 hrs and 16 mins
Wild Ever After,Rebecca Jenshak, 8 hrs and 13 mins
Shield-Maiden: Gambit of Shadows,Melanie Karsak, 8 hrs and 18 mins
A Light in the Flame,Jennifer L. Armentrout, 26 hrs and 27 mins
Legends & Lattes,Travis Baldree, 7 hrs and 19 mins
The Lost Hero,Rick Riordan, 16 hrs and 33 mins
The Bookstore Sisters,Alice Hoffman, 1 hr and 6 mins
Ghostly Game,Christine Feehan, 11 hrs and 15 mins
Gallows Hill,Darcy Coates, 13 hrs and 26 mins
Promise Me Always,A.L. Jackson, 12 hrs and 37 mins
Courage to Stand,Ginny Dye, 16 hrs and 6 mins
Forsaken Country,Allen Eskens, 11 hrs and 9 mins
Expanse,Nicoli Gonnella, 29 hrs and 41 mins
The Armor of Light,Ken Follett, 35 hrs
"Start, Stay, or Leave",Trey Gowdy, 7 hrs and 36 mins
A Snake's Rule,Kenneth Arant, 10 hrs and 40 mins
He Who Fights with Monsters 9,"Shirtaloon,Travis Deverell", 30 hrs and 20 mins
Codependent No More,Melody Beattie, 8 hrs and 42 mins
Beyond Rosy Irish Twilight,Ava Miles, 4 hrs and 30 mins
Self Sabotage No More,Jennie Potter, 2 hrs and 45 mins
Paradise Club,Tim Meyer, 7 hrs and 36 mins
Mind Battles,"Kathy DeGraw,Troy Anderson - foreword", 6 hrs and 15 mins
The Butcher and the Wren,Alaina Urquhart, 6 hrs and 23 mins
Brain Energy,Christopher M. Palmer MD, 12 hrs and 18 mins
The Whole-Brain Child,"Daniel J. Siegel,Tina Payne Bryson", 6 hrs and 14 mins
The Seven Husbands of Evelyn Hugo,Taylor Jenkins Reid, 12 hrs and 10 mins
The Witching Hour,Anne Rice, 50 hrs and 1 min
One True Loves,Taylor Jenkins Reid, 8 hrs and 5 mins
The Song of Achilles,Madeline Miller, 11 hrs and 15 mins
Outliers,Malcolm Gladwell, 7 hrs and 18 mins
A Short History of Nearly Everything,Bill Bryson, 18 hrs and 13 mins
The Obesity Code,Dr. Jason Fung, 10 hrs and 9 mins
Empire of the Summer Moon,S. C. Gwynne, 15 hrs and 9 mins
A Gentleman in Moscow,Amor Towles, 17 hrs and 52 mins
"The 4-Hour Workweek: Escape 9-5, Live Anywhere, and Join the New Rich (Expanded and Updated)",Timothy Ferriss, 13 hrs and 1 min
Fahrenheit 451,Ray Bradbury, 5 hrs and 1 min
Bastard Boss,Lisa Renee Jones, 5 hrs and 43 mins
Knight Ascending,B. M. Clemton, 8 hrs and 28 mins
The Honor Girl,Grace Livingston Hill, 6 hrs and 10 mins
Kildash,Lee Ellis, 17 hrs and 46 mins
Think and Grow Rich,Napoleon Hill, 9 hrs and 35 mins
Dune,Frank Herbert, 21 hrs and 2 mins
We Are Legion (We Are Bob),Dennis E. Taylor, 9 hrs and 56 mins
A Feast for Crows,George R.R. Martin, 33 hrs and 51 mins
Empire of Storms,Sarah J. Maas, 25 hrs and 18 mins
A Dance with Dragons,George R.R. Martin, 48 hrs and 55 mins
Ready Player One,Ernest Cline, 15 hrs and 40 mins
Principles,Ray Dalio, 16 hrs and 5 mins
Romancing Mister Bridgerton,Julia Quinn, 13 hrs and 17 mins
The New Testament Made Easier - Part 2,David J. Ridges, 29 hrs and 9 mins
Putting an X Through Anxiety,Louie Giglio, 2 hrs and 50 mins
The Lords of Discipline,Pat Conroy, 19 hrs and 23 mins
The Rose and the Thistle,Laura Frantz, 13 hrs and 53 mins
Archer's Voice,Mia Sheridan, 11 hrs and 7 mins
Unscripted,"James B. Stewart,Rachel Abrams", 12 hrs and 23 mins
Viridian Gate Online: Sharper's Coin,"D.J. Bodden,James Hunter", 9 hrs and 55 mins
The Fine Print,Lauren Asher, 11 hrs and 8 mins
The Simple Path to Wealth,JL Collins, 6 hrs and 38 mins
The Rise and Fall of the Third Reich,William L. Shirer, 57 hrs and 11 mins
The Intelligent Investor Rev Ed.,Benjamin Graham, 17 hrs and 48 mins
How Not to Die,"Michael Greger MD,Gene Stone", 17 hrs and 9 mins
God Is Red,Vine Deloria Jr., 15 hrs and 31 mins
Warlord,Doc Spears, 19 hrs and 11 mins
Roadkill,Dennis E. Taylor, 8 hrs and 58 mins
Harvest of Rubies,Tessa Afshar, 10 hrs and 35 mins
The Nightingale,Kristin Hannah, 17 hrs and 19 mins
"Recovery from Narcissistic Abuse, Gaslighting, Codependency and Complex PTSD (4 Books in 1)",Linda Hill, 12 hrs and 31 mins
Haunting Adeline,H. D. Carlton, 15 hrs and 44 mins
The Last Chance Cowboy,Jody Hedlund, 11 hrs and 24 mins
While Time Remains,Yeonmi Park, 6 hrs and 28 mins
Unnatural History,Jonathan Kellerman, 11 hrs and 11 mins
You're That Bitch,Bretman Rock, 6 hrs and 26 mins
La democracia no se toca,"Lorenzo Córdova,Ciro Murayama", 4 hrs and 1 min
Escaping Enemy Mode,"E. James Wilder,Ray Woolridge", 9 hrs and 31 mins
Kindred,Octavia E. Butler, 10 hrs and 55 mins
Money: Master the Game,Tony Robbins, 21 hrs and 3 mins
Mogworld,Yahtzee Croshaw, 13 hrs and 8 mins
I Got You,Miss Jenesequa, 12 hrs and 3 mins
Commanding Flame and Shield,S.J. Barnett, 21 hrs and 19 mins
One Second After,William R. Forstchen, 13 hrs and 17 mins
The Trump Tapes,Bob Woodward, 11 hrs and 29 mins
The Magic,Rhonda Byrne, 4 hrs and 45 mins
The January 6 Report,The January 6th Committee, 19 hrs and 28 mins
The Boyfriend Material Collection,Lauren Blakely, 23 hrs and 18 mins
What Divides Us,Jean Grainger, 7 hrs and 47 mins
Slip Runner,"J.N. Chaney,M.F. Lerma", 8 hrs and 18 mins
Beautiful Devils,Eva Ashwood, 12 hrs and 40 mins
Finlay Donovan Jumps the Gun,Elle Cosimano, 8 hrs and 38 mins
Pigeon Tony's Last Stand,Lisa Scottoline, 1 hr and 13 mins
Until Willow,Aurora Rose Reynolds, 7 hrs and 9 mins
For Blood and Money,Nathan Vardi, 8 hrs and 33 mins
Game of Hate and Lies,LJ Andrews, 10 hrs and 43 mins
No Regrets,"Matthew Kelly,Allen R. Hunt", 3 hrs and 10 mins
Dark Angel,John Sandford, 12 hrs
Garro: Knight of Grey,James Swallow, 3 hrs and 39 mins
Whispers of You,Catherine Cowles, 9 hrs and 17 mins
Chakra Healing Bible: [5 in 1],Willow Kumar, 6 hrs and 26 mins
The Emotionally Exhausted Woman,Nancy Colier, 4 hrs and 49 mins
Positive Affirmations for Black Men,Alexandra Adams, 5 hrs and 30 mins
Federation Chronicles,Ken Lozito, 31 hrs and 59 mins
Shattered Vow,Eva Chase, 9 hrs and 51 mins
BCBA Exam Study Prep Crash Course,Linda Cooper, 6 hrs and 14 mins
Lady of Darkness,Melissa Roehrich, 18 hrs and 47 mins
Scattered Minds,Gabor Maté MD, 10 hrs and 59 mins
The Wrong Bride,Catharina Maura, 11 hrs and 22 mins
The Woman Inside,Anna-Lou Weatherley, 11 hrs and 19 mins
Butterfly 4,Ashley Antoinette, 11 hrs and 18 mins
People vs. Donald Trump,Mark Pomerantz, 9 hrs and 16 mins
Eleven Rings,"Phil Jackson,Hugh Delehanty", 10 hrs and 27 mins
The Three Musketeers,Alexandre Dumas, 23 hrs and 32 mins
Red Dragon,Thomas Harris, 12 hrs and 6 mins
The Other Einstein,Marie Benedict, 8 hrs and 30 mins
The Smartest Guys in the Room,Bethany McLean, 22 hrs and 30 mins
Cloud Atlas,David Mitchell, 19 hrs and 48 mins
The Girl Who Kicked the Hornet's Nest,"Stieg Larsson,Reg Keeland - translator", 20 hrs and 17 mins
Captive Bride,Stella Gray, 7 hrs and 59 mins
Beg for It,Alexis Winter, 7 hrs and 32 mins
The Serpent and the Wings of Night,Carissa Broadbent, 14 hrs and 50 mins
The Boys from Biloxi,John Grisham, 17 hrs and 22 mins
Family Business 6,"Carl Weber,LaJill Hunt - contributor", 10 hrs and 45 mins
A Hacker's Mind,Bruce Schneier, 8 hrs and 3 mins
Nemesis of Mars,Glynn Stewart, 8 hrs and 14 mins
Dragon's Envoy,"James Haddock,Gus James", 7 hrs and 50 mins
The Never King,Nikki St. Crowe, 4 hrs and 35 mins
The Doctor's Wife,Daniel Hurst, 7 hrs and 20 mins
The Anxious Hearts Guide,Rikki Cloos, 5 hrs and 33 mins
"Proxima Legends, Vol 1",Harmon Cooper, 22 hrs and 34 mins
Unfu*k Yourself,Gary John Bishop, 3 hrs and 24 mins
The 5 Second Rule,Mel Robbins, 7 hrs and 35 mins
Lasher,Anne Rice, 28 hrs and 30 mins
Nowhere Girl,Cheryl Diamond, 10 hrs and 37 mins
The Night of the Party,Anna-Lou Weatherley, 10 hrs and 12 mins
Abiding Dependence,Ron Block, 5 hrs and 25 mins
Run on Red,Noelle West Ihli, 7 hrs and 28 mins
On the Road,Jack Kerouac, 11 hrs and 8 mins
"Many Lives, Many Masters",Brian L. Weiss M.D., 1 hr and 28 mins
The Power to Change,Craig Groeschel, 5 hrs and 42 mins
Dead Mountain,"Douglas Preston,Lincoln Child", 12 hrs
The Woman in Cabin 10,Ruth Ware, 11 hrs and 16 mins
Starship Troopers,Robert A. Heinlein, 9 hrs and 52 mins
Icebreaker,Hannah Grace, 13 hrs and 23 mins
The Critic's Daughter,Priscilla Gilman, 11 hrs and 10 mins
Giovanni's Room,James Baldwin, 6 hrs and 49 mins
The Idiot,Fyodor Dostoyevsky, 24 hrs and 56 mins
The Alienist,Caleb Carr, 20 hrs
The Law of Success,Napoleon Hill, 24 hrs and 19 mins
Attuned Earth,Frank G. Albelo, 11 hrs and 44 mins
Golden,Shannon Mayer, 7 hrs and 30 mins
"Tinker, Tailor, Soldier, Spy",John le Carré, 12 hrs and 49 mins
Candy Bomb,M.R. Forbes, 9 hrs
Homo Deus,Yuval Noah Harari, 14 hrs and 54 mins
Yes Please,Amy Poehler, 7 hrs and 31 mins
The Cuckoo's Calling,Robert Galbraith, 15 hrs and 54 mins
No Excuses!,Brian Tracy, 6 hrs and 51 mins
Fear,Thích Nhất Hạnh, 4 hrs and 18 mins
Iron Gold,Pierce Brown, 23 hrs and 23 mins
The Seven Spiritual Laws of Success,Deepak Chopra MD, 1 hr and 26 mins
The Personal MBA: Master the Art of Business,Josh Kaufman, 15 hrs and 25 mins
The Meaning of Marriage,Timothy Keller, 8 hrs and 15 mins
Rocket Fuel,"Gino Wickman,Mark C. Winters", 4 hrs and 26 mins
Bringing Up Bébé,Pamela Druckerman, 9 hrs and 8 mins
The Speed of Trust,Stephen M. R. Covey, 12 hrs and 13 mins
Origin,Dan Brown, 18 hrs and 10 mins
A Walk in the Woods,Bill Bryson, 9 hrs and 44 mins
Give and Take,Adam M. Grant PhD, 11 hrs and 50 mins
Lemuria,Greig Beck, 11 hrs and 7 mins
The Rock of Battle,Peter Nealen, 11 hrs and 27 mins
The Courage to Face Covid-19,"John Leake,Peter A. McCullough", 9 hrs and 57 mins
The Real Frank Zappa Book,"Frank Zappa,Peter Occhiogrosso - with", 10 hrs and 37 mins
Standing Dead,Margaret Mizushima, 9 hrs and 38 mins
Magitech Chronicles Omnibus,Chris Fox, 108 hrs and 51 mins
King of the Shadow Fae,Amelia Hutchins, 8 hrs and 32 mins
It Ends with Violence,Elle Thorpe, 9 hrs and 56 mins
Never Finished,David Goggins, 11 hrs and 6 mins
Emery,Cora Rose, 7 hrs and 54 mins
Before We Were Yours,Lisa Wingate, 14 hrs and 29 mins
Hot Spots,N.C. Reed, 8 hrs and 55 mins
Dragon's Justice 6,Bruce Sentar, 10 hrs and 44 mins
Twisted Love,Ana Huang, 10 hrs and 41 mins
"If This Book Exists, You're in the Wrong Universe","Jason Pargin,David Wong", 14 hrs and 25 mins
The Marxification of Education,James Lindsay, 7 hrs and 15 mins
Smart Brevity,"Jim VandeHei,Mike Allen,Roy Schwartz", 3 hrs and 1 min
Persuasion,Jane Austen, 5 hrs and 40 mins
Build a Mathematical Mind - Even If You Think You Can't Have One,Albert Rutherford, 2 hrs and 6 mins
The Wind Thief,B. B. Griffith, 8 hrs and 44 mins
Finding Ashlyn,Susan Stoker, 10 hrs and 24 mins
"A Love Like This, Pt. 1",Kya Montague, 7 hrs and 38 mins
Entering Hekate's Cave,Cyndi Brannen, 9 hrs and 15 mins
Rogue Element,Silas Keplar, 17 hrs and 3 mins
Medical Medium Brain Saver,Anthony William, 29 hrs and 16 mins
The Tenth Realm,Michael Chatfield, 6 hrs and 34 mins
The Watchmaker's Daughter,C. J. Archer, 9 hrs and 21 mins
Fated Mates of Adonia: Complete 3-Book Series Set,Ivy Sparks, 18 hrs and 34 mins
Mark of the Fool,J.M. Clarke, 19 hrs
Willow Brook Road,Sherryl Woods, 10 hrs and 16 mins
Divorcing a Narcissist,"Supriya McKenna,Karin Walker", 14 hrs and 1 min
The Return of the Gods,Jonathan Cahn, 8 hrs and 34 mins
The Inmate,Freida McFadden, 8 hrs and 5 mins
Maisie Dobbs,Jacqueline Winspear, 9 hrs and 47 mins
River Sing Me Home,Eleanor Shearer, 10 hrs and 35 mins
The Wind-Up Bird Chronicle,Haruki Murakami, 26 hrs and 11 mins
The Power of One More,Ed Mylett, 5 hrs and 19 mins
The Pain We Carry,"Natalie Y. Gutiérrez LMFT,Jennifer Mullan PsyD - foreword", 7 hrs and 30 mins
Life,"Keith Richards,James Fox", 23 hrs and 5 mins
Almost Interesting,David Spade, 6 hrs and 32 mins
Cannery Row,John Steinbeck, 5 hrs and 59 mins
The Way of the Hunter,Samer Rabadi, 19 hrs and 22 mins
Be an Angel,Roma Downey, 4 hrs and 21 mins
Into the Headwinds,"Terryl Givens,Nathaniel Givens", 3 hrs and 41 mins
In Silence She Screams,Amo Jones, 11 hrs and 6 mins
The Inferno,"Dante,Robert Hollander - translator,Jean Hollander - translator", 4 hrs and 41 mins
Palo Alto,Malcolm Harris, 28 hrs and 20 mins
Consider Me,Becka Mack, 20 hrs and 42 mins
Victory City,Salman Rushdie, 11 hrs and 48 mins
The Stories We Tell,Joanna Gaines, 5 hrs and 28 mins
The Great Reset,Alex Jones, 7 hrs and 30 mins
The Sacred Mushroom and the Cross,John M. Allegro, 10 hrs and 33 mins
The Night and Its Moon,Piper CJ, 16 hrs and 24 mins
Before I Let Go,Kennedy Ryan, 13 hrs and 45 mins
The Bill of Obligations,Richard Haass, 4 hrs and 6 mins
The Gift of the Unexpected,Jillian Benfield, 5 hrs and 54 mins
Twelve Hours' Sleep by Twelve Weeks Old,"Suzy Giordano,Lisa Abidin", 2 hrs and 41 mins
The Wealth of Nations,Adam Smith, 36 hrs and 43 mins
It's Your Ship,D. Michael Abrashoff, 6 hrs and 24 mins
Beyond Good and Evil,Friedrich Nietzsche, 8 hrs and 24 mins
Uninvited,Lysa TerKeurst, 5 hrs and 27 mins
Uncle Tom's Cabin,Harriet Beecher Stowe, 20 hrs and 8 mins
Big Little Lies,Liane Moriarty, 15 hrs and 55 mins
Talk Like TED,Carmine Gallo, 7 hrs and 42 mins
The Sun Also Rises,"Ernest Hemingway,Colm Toibin", 7 hrs and 46 mins
Life 3.0,Max Tegmark, 13 hrs and 29 mins
The Rise of Theodore Roosevelt,Edmund Morris, 26 hrs and 36 mins
"Eat, Pray, Love",Elizabeth Gilbert, 12 hrs and 49 mins
Based on a True Story,Norm Macdonald, 7 hrs and 18 mins
Unlimited Memory,Kevin Horsley, 2 hrs and 28 mins
Five Presidents,"Clint Hill,Lisa McCubbin Hill", 14 hrs and 31 mins
Feeling Good,David D. Burns MD, 13 hrs and 20 mins
In Defense of the Second Amendment,Larry Correia, 6 hrs and 49 mins
A Clash of Three Courts,Chloe C. Peñaranda, 19 hrs and 58 mins
WolfeAx,Kathryn Le Veque, 8 hrs and 15 mins
Wildflower,Drew Barrymore, 7 hrs and 5 mins
The Fire Next Time,James Baldwin, 2 hrs and 25 mins
Alice,Christina Henry, 8 hrs and 28 mins
The Choice,Dr. Edith Eva Eger, 12 hrs and 26 mins
The Last Kingdom,Steve Berry, 14 hrs and 20 mins
Irresistible,Josh Bersin, 7 hrs and 18 mins
Travels with Charley in Search of America,John Steinbeck, 7 hrs and 58 mins
Destiny of Souls,Michael Newton, 15 hrs and 50 mins
Oryx and Crake,Margaret Atwood, 10 hrs and 30 mins
In Such Good Company,Carol Burnett, 8 hrs and 1 min
Economics in One Lesson,Henry Hazlitt, 6 hrs and 55 mins
Running on Empty,"Christine Musello PsyD,Jonice Webb PhD", 7 hrs and 46 mins
Helmet for My Pillow,Robert Leckie, 10 hrs and 24 mins
The Devil's Chessboard,David Talbot, 25 hrs and 23 mins
Area 51,Annie Jacobsen, 16 hrs and 11 mins
Warrior of the Light,Paulo Coelho, 2 hrs and 16 mins
The Big Picture,Sean Carroll, 17 hrs and 22 mins
Grain Brain,"David Perlmutter,Kristin Loberg", 9 hrs and 18 mins
Flash Boys,Michael Lewis, 10 hrs and 15 mins
The Upward Spiral,Alex Korb PhD., 5 hrs and 34 mins
Emotional Agility,Susan David, 9 hrs and 21 mins
Heart-Shaped Box,Joe Hill, 11 hrs and 3 mins
Simply Said,Jay Sullivan, 5 hrs and 46 mins
The Undoing Project,Michael Lewis, 10 hrs and 18 mins
The Breakdown,B. A. Paris, 9 hrs and 20 mins
Scrappy Little Nobody,Anna Kendrick, 6 hrs
The End of Alzheimer's,Dale E. Bredesen MD, 9 hrs and 23 mins
Blood & Bones: Dodge,Jeanne St. James, 11 hrs and 10 mins
A Village Fete Murder,Katie Gayle, 6 hrs and 26 mins
The Ghost and the New Neighbor,"Bobbi Holmes,Anna J. McIntyre", 9 hrs and 6 mins
She Memes Well,Quinta Brunson, 8 hrs and 38 mins
The Teenage Brain,"Frances E. Jensen,Amy Ellis Nutt", 9 hrs and 1 min
The Prosperous Coach: Increase Income and Impact for You and Your Clients,"Steve Chandler,Rich Litvin", 4 hrs and 20 mins
The House of Hades,Rick Riordan, 17 hrs and 32 mins
Me Talk Pretty One Day,David Sedaris, 5 hrs and 51 mins
The Stone Sky,N. K. Jemisin, 14 hrs and 16 mins
The Easy Way to Stop Smoking,Allen Carr, 5 hrs and 59 mins
When Night falls,Helena Marchmont, 3 hrs and 8 mins
Back to Center,"Ryan Taylor,Joshua Harwood", 6 hrs and 2 mins
Antifragile,Nassim Nicholas Taleb, 16 hrs and 14 mins
A New Earth,Eckhart Tolle, 9 hrs and 12 mins
East of Eden,John Steinbeck, 25 hrs and 23 mins
And Then There Were None,Agatha Christie, 6 hrs and 1 min
Blink,Malcolm Gladwell, 7 hrs and 44 mins
A People's History of the United States,Howard Zinn, 34 hrs and 8 mins
The Book of Joy,"His Holiness the Dalai Lama,Desmond Tutu,Douglas Carlton Abrams", 10 hrs and 12 mins
I Know Why the Caged Bird Sings,Maya Angelou, 10 hrs and 11 mins
The Warmth of Other Suns,Isabel Wilkerson, 22 hrs and 40 mins
Alexander Hamilton,Ron Chernow, 35 hrs and 58 mins
Algorithms to Live By,"Brian Christian,Tom Griffiths", 11 hrs and 50 mins
Unbroken,Laura Hillenbrand, 13 hrs and 56 mins
Mindhunter,"John E. Douglas,Mark Olshaker", 15 hrs and 24 mins
Shogun,James Clavell, 53 hrs and 33 mins
The Grapes of Wrath,"John Steinbeck,Robert DeMott", 21 hrs and 1 min
Secrets of the Millionaire Mind,T. Harv Eker, 5 hrs and 10 mins
Girl in Pieces,Kathleen Glasgow, 10 hrs and 42 mins
Wild at Heart,John Eldredge, 8 hrs and 20 mins
Genghis Khan and the Making of the Modern World,Jack Weatherford, 14 hrs and 20 mins
Old Man's War,John Scalzi, 9 hrs and 55 mins
Bossypants,Tina Fey, 5 hrs and 32 mins
The Tipping Point,Malcolm Gladwell, 8 hrs and 34 mins
The Power of Your Subconscious Mind,Joseph Murphy, 6 hrs and 58 mins
Gone Girl,Gillian Flynn, 19 hrs and 57 mins
Catch-22,Joseph Heller, 19 hrs and 58 mins
Leonardo da Vinci,Walter Isaacson, 17 hrs and 1 min
Titan,Ron Chernow, 35 hrs and 3 mins
Ikigai,"Héctor García,Francesc Miralles", 3 hrs and 18 mins
I Almost Forgot About You,Terry McMillan, 11 hrs and 12 mins
A Villains Collection,Serena Valentino, 12 hrs and 52 mins
The Hero with a Thousand Faces,Joseph Campbell, 14 hrs and 37 mins
The Operator,Robert O'Neill, 9 hrs and 42 mins
Napoleon,Andrew Roberts, 32 hrs and 56 mins
The Making of the Atomic Bomb,Richard Rhodes, 37 hrs and 16 mins
Speaker for the Dead,Orson Scott Card, 14 hrs and 8 mins
The State of Affairs,Esther Perel, 11 hrs and 57 mins
The Guns of August,Barbara W. Tuchman, 19 hrs and 9 mins
The Plantagenets,Dan Jones, 20 hrs and 49 mins
American Sniper,"Chris Kyle,Scott McEwan,Jim DeFelice", 10 hrs and 18 mins
Undaunted Courage,Stephen E. Ambrose, 21 hrs and 40 mins
Psychopath Free: Expanded Edition,Jackson MacKenzie, 7 hrs and 57 mins
Long Walk to Freedom,Nelson Mandela, 27 hrs and 39 mins
Recovery,Russell Brand, 7 hrs and 50 mins
The Danish Way of Parenting,"Jessica Joelle Alexander,Dissing Sandahl", 3 hrs and 28 mins
Crossroads,Irene Hannon, 5 hrs and 52 mins
Into the Wild,Erin Hunter, 7 hrs and 29 mins
Stamped from the Beginning,Ibram X. Kendi, 19 hrs and 8 mins
Exile,R. A. Salvatore, 10 hrs and 42 mins
One Flew Over the Cuckoo's Nest,"Ken Kesey,Robert Faggen - introduction", 10 hrs and 32 mins
Behind Her Eyes,Sarah Pinborough, 11 hrs and 29 mins
The Last Orphan,Gregg Hurwitz, 11 hrs and 46 mins
How to Raise the Perfect Dog,"Melissa Jo Peltier,Cesar Millan", 9 hrs and 31 mins
Your Consent Is Not Required,Rob Wipond, 13 hrs and 32 mins
Best Served Cold,Joe Abercrombie, 26 hrs and 29 mins
Racing with Rich Energy,"Elizabeth Blackstock,Alanis King", 9 hrs and 48 mins
A Book of Five Rings,Miyamoto Musashi, 1 hr and 39 mins
Good Boundaries and Goodbyes,Lysa TerKeurst, 7 hrs and 27 mins
Go for Stupid,Steve D. Sims, 3 hrs and 55 mins
The Mitford Affair,Marie Benedict, 10 hrs and 52 mins
Rest Is Resistance,Tricia Hersey, 5 hrs and 26 mins
The Intern,Marni Mann, 9 hrs and 51 mins
Miss Newbury's List,Megan Walker, 8 hrs and 6 mins
What Lies in the Woods,Kate Alice Marshall, 11 hrs and 16 mins
Magic Tree House Collection: Books 1-8,Mary Pope Osborne, 6 hrs and 1 min
The Duke and I,Julia Quinn, 12 hrs and 9 mins
Building a StoryBrand,Donald Miller, 4 hrs and 56 mins
Love and Respect,Dr. Emerson Eggerichs, 8 hrs and 47 mins
Rich Dad's Cashflow Quadrant,Robert T. Kiyosaki, 8 hrs and 48 mins
Astrophysics for People in a Hurry,Neil deGrasse Tyson, 3 hrs and 41 mins
The Secret History,Donna Tartt, 22 hrs and 3 mins
The Last Mrs. Parrish,Liv Constantine, 12 hrs
Eleanor Oliphant Is Completely Fine,Gail Honeyman, 11 hrs and 2 mins
"Men Are from Mars, Women Are from Venus",John Gray, 9 hrs and 28 mins
Emotional Intelligence 2.0,"Travis Bradberry,Jean Greaves", 4 hrs and 17 mins
The Golden Compass,Philip Pullman, 11 hrs and 42 mins
Punk 57,Penelope Douglas, 10 hrs and 7 mins
Sell or Be Sold: How to Get Your Way in Business and in Life,Grant Cardone, 11 hrs and 40 mins
Cibola Burn,James S. A. Corey, 20 hrs and 7 mins
Emotional Intelligence,Daniel Goleman, 13 hrs and 32 mins
Eclipse,Stephenie Meyer, 16 hrs and 26 mins
The Greatest Salesman in the World,Og Mandino, 2 hrs and 33 mins
Siege and Storm,Leigh Bardugo, 11 hrs and 49 mins
Foundation (Apple Series Tie-in Edition),Isaac Asimov, 8 hrs and 37 mins
Grant,Ron Chernow, 48 hrs and 2 mins
"Padre Rico, Padre Pobre [Rich Dad, Poor Dad]",Robert T. Kiyosaki, 6 hrs and 24 mins
Wild,Cheryl Strayed, 13 hrs and 2 mins
"Change Your Thoughts, Change Your Life",Dr. Wayne W. Dyer, 9 hrs and 9 mins
Down the Rabbit Hole,Holly Madison, 10 hrs and 51 mins
Out of Your Mind,Alan Watts, 14 hrs and 22 mins
The Shadow of What Was Lost,James Islington, 25 hrs and 28 mins
The Goldfinch,Donna Tartt, 32 hrs and 24 mins
The 4-Hour Body,Timothy Ferriss, 3 hrs and 51 mins
"The Civil War: A Narrative, Volume I, Fort Sumter to Perryville",Shelby Foote, 42 hrs and 58 mins
Lincoln in the Bardo,George Saunders, 7 hrs and 25 mins
Black Founder,Stacy Spikes, 8 hrs and 35 mins
In His Corner,Alexandra Warren, 8 hrs and 9 mins
Death of a Traitor,"M. C. Beaton,R.W. Green", 6 hrs and 19 mins
The New Abnormal,Aaron Kheriaty, 9 hrs and 11 mins
An Assassin in Utopia,Susan Wels, 7 hrs and 12 mins
The Gray Man,Mark Greaney, 11 hrs and 11 mins
The Mountain Shadow,Gregory David Roberts, 33 hrs and 53 mins
Mere Christianity,C. S. Lewis, 7 hrs and 6 mins
Second Hand Curses,Drew Hayes, 9 hrs
Jesus Calling Updated and Expanded,Sarah Young, 14 hrs and 22 mins
Spare,Prince Harry The Duke of Sussex, 15 hrs and 37 mins
Love and Justice,"Jonathan Irons,Maya Moore Irons,Bryan Stevenson - foreword,Travis Thrasher", 11 hrs and 4 mins
It’s a Hard-Knock Midlife,Robyn Peterman, 6 hrs and 4 mins
Four Trials,Kelsey Soliz, 7 hrs and 14 mins
Untamed Hunger,Tiffany Roberts, 14 hrs and 52 mins
The Stolen Heir,Holly Black, 10 hrs and 9 mins
"That Sucked, Now What?",Dr. Neeta Bhushan, 10 hrs and 14 mins
Change Your Brain Every Day,Daniel Amen, 15 hrs and 8 mins
Gray War,Peter Nealen, 9 hrs and 22 mins
Things We Never Got Over,Lucy Score, 16 hrs and 1 min
The Phoenix Prophecy: Nova,Cara Clare, 7 hrs and 3 mins
The Perfectionist's Guide to Losing Control,Katherine Morgan Schafler, 10 hrs and 29 mins
Raising Emotionally Strong Boys,"David Thomas LMSW,Sissy Goff - foreword", 5 hrs and 4 mins
Long Live the Pumpkin Queen,Shea Ernshaw, 6 hrs and 28 mins
Pray First,Chris Hodges, 6 hrs and 18 mins
Menopause and the Black Woman,April S. Lily, 3 hrs and 1 min
Dispatch,Bentley Little, 12 hrs and 47 mins
Oscar Wars,Michael Schulman, 21 hrs
Destiny of a Prince,R.K. Lander, 29 hrs and 52 mins
Forgemaster,Seth Ring, 14 hrs and 30 mins
Unreasonable Hospitality,Will Guidara, 8 hrs and 37 mins
Zen and the Art of Motorcycle Maintenance (Dramatised),"Robert M. Pirsig,Peter Flannery", 1 hr and 40 mins
The Crusades,Thomas Asbridge, 25 hrs and 32 mins
The House of the Spirits,Isabel Allende, 18 hrs and 51 mins
Conan: Blood of the Serpent,S. M. Stirling, 8 hrs and 55 mins
It's Our Turn Now,Mario Murilo, 7 hrs and 15 mins
Forge the Path,"J.N. Chaney,Chris Kennedy", 10 hrs and 29 mins
Cruel Saint,Luna Kayne, 9 hrs and 47 mins
Angels and Demons,Dan Brown, 18 hrs and 28 mins
Should I Stay or Should I Go?,Ramani Durvasula PhD, 10 hrs and 46 mins
Counterstrike,Joshua Dalzelle, 8 hrs and 13 mins
The Black Prism,Brent Weeks, 21 hrs and 26 mins
The Lost Symbol,Dan Brown, 17 hrs and 47 mins
All Hallows,Christopher Golden, 10 hrs and 46 mins
La sombra de Miztlán [The Shadow of Miztlán],Jesús Escudero, 5 hrs and 7 mins
Make Space for Happiness,Tracy McCubbin, 5 hrs and 1 min
"The Innovator's DNA, Updated, with a New Preface","Jeff Dyer,Hal Gregersen,Clayton M. Christensen", 9 hrs and 12 mins
Into the Metaverse,Cathy Hackl, 5 hrs and 18 mins
Death to Deconstruction,"Joshua S Porter,John Mark Comer - contributor", 7 hrs and 58 mins
I Know Who You Are,Barbara Rae-Venter, 8 hrs and 23 mins
Geneva,Richard Armitage, 8 hrs and 54 mins
The Cairo Curse,Pepper Basham, 10 hrs and 6 mins
Be It Until You Become It,Natasha Graziano, 4 hrs and 47 mins
The Once and Future Roman Rite,Peter A. Kwasniewski, 18 hrs and 52 mins
Mine for Yours,Harloe Rae, 9 hrs and 8 mins
The Pilgrimage,Paulo Coelho, 7 hrs and 2 mins
Negotiating the Nonnegotiable,Daniel Shapiro, 8 hrs and 38 mins
Go Tell It On the Mountain,James Baldwin, 8 hrs and 45 mins
Surviving Home,A. American, 14 hrs and 8 mins
The Scapegoat,Daphné du Maurier, 13 hrs and 5 mins
Parenting from the Inside Out,"Daniel J. Siegel,Mary Hartzell", 6 hrs and 44 mins
The Mammoth Hunters,Jean M. Auel, 31 hrs and 44 mins
Unravel Me,Tahereh Mafi, 11 hrs and 53 mins
The Leadership Challenge Sixth Edition,"James M. Kouzes,Barry Posner", 11 hrs and 4 mins
The Long Winter,Laura Ingalls Wilder, 7 hrs and 4 mins
Brain Rules for Baby (Updated and Expanded),John Medina, 9 hrs and 26 mins
The Aleister Crowley Manual,Marco Visconti, 4 hrs and 54 mins
"Guided Meditations for Anxiety, Stress, Depression, & Self-Healing",Crystal Miller, 10 hrs and 5 mins
The Source,James A. Michener, 54 hrs and 32 mins
A Distant Mirror,Barbara W. Tuchman, 28 hrs and 38 mins
The Ultimate Sales Machine,Chet Holmes, 9 hrs and 13 mins
Fool's Errand,Robin Hobb, 25 hrs and 18 mins
Into the Wilderness,Sara Donati, 30 hrs and 13 mins
Cómo Cerrar Ciclos en una Relación Tóxica [How to Close Cycles in a Toxic Relationship],Nikky W. Lewis, 1 hr and 13 mins
Harder Betrayal,Penelope Sky, 7 hrs and 11 mins
A Broken Blade,Melissa Blair, 13 hrs and 21 mins
Hidden Demons,Margery B. Metzger, 7 hrs and 52 mins
A Hypnotist’s Journey to the Secrets of the Sphinx,Sarah Breskman Cosme, 9 hrs and 37 mins
The Villa,Rachel Hawkins, 7 hrs and 57 mins
Men with Adult ADHD,Edgar Wise, 3 hrs and 50 mins
"Really Good, Actually",Monica Heisey, 10 hrs and 13 mins
Patterns in the Dark,Lindsay Buroker, 9 hrs and 35 mins
Cop Daddy Next Door,Taryn Quinn, 8 hrs and 27 mins
City of the Dead,James Ponti, 7 hrs and 1 min
End of Story,Kylie Scott, 9 hrs and 2 mins
Prince of Song & Sea,Linsey Miller, 7 hrs and 28 mins
How to Lose at Love: Colter Brothers,Sara Ney, 10 hrs and 50 mins
Dragon Wing,"Margaret Weis,Tracy Hickman", 16 hrs and 36 mins
Beholding,Strahan Coleman, 5 hrs and 41 mins
Call Me by Your Name,André Aciman, 7 hrs and 48 mins
Murder Book,Thomas Perry, 11 hrs and 35 mins
Smolder,Laurell K. Hamilton, 13 hrs
Until You Can't,Brittney Sahin, 11 hrs and 1 min
It Ends with Us,Colleen Hoover, 11 hrs and 11 mins
Parkinson's and the B1 Therapy,Daphne Bryan PhD, 2 hrs and 19 mins
The Score,Kristen Proby, 6 hrs and 24 mins
A Man of Good Fortune,Ali Scott, 9 hrs and 34 mins
One-Armed Beasthunter 2,E.M. Hardy, 9 hrs
Devil's Way,Robert Bryndza, 9 hrs and 3 mins
Flip the Switch,Coach Micheal Burt, 6 hrs and 27 mins
Parenting,"Andy Stanley,Sandra Stanley", 5 hrs and 7 mins
Elvis and Me,Priscilla Beaulieu Presley, 7 hrs and 30 mins
Twisted Hate,Ana Huang, 15 hrs
The Obesity Fix,"James DiNicolantonio,Siim Land", 6 hrs and 53 mins
The Trouble with Secrets,Jean Grainger, 7 hrs and 56 mins
Obsession,"Cassie Hargrove,Story Brooks", 5 hrs and 28 mins
Why Are All the Black Kids Sitting Together in the Cafeteria?,Beverly Daniel Tatum, 13 hrs and 27 mins
Children of the Mind,Orson Scott Card, 13 hrs and 30 mins
Buddha's Brain,"Rick Hanson,Richard Mendius MD", 6 hrs and 58 mins
A Place to Land,Lauren K. Denton, 8 hrs and 57 mins
Arrows and Apologies,Sav R. Miller, 10 hrs and 1 min
Inside Delta Force,Command Sergeant Major Eric L. Haney, 13 hrs and 1 min
"I, Robot",Isaac Asimov, 8 hrs and 20 mins
Living with a SEAL,Jesse Itzler, 5 hrs and 18 mins
Ghost of Deceit,Alice Winters, 8 hrs and 48 mins
The In-Laws,Laura Wolfe, 10 hrs and 13 mins
I'm Glad My Mom Died,Jennette McCurdy, 6 hrs and 26 mins
Ordinary Grace,William Kent Krueger, 10 hrs and 59 mins
All the Dangerous Things,Stacy Willingham, 10 hrs
Callsign Valkyrie,"Jason Anspach,Nick Cole,Walt Robillard", 11 hrs and 21 mins
Queen of Myth and Monsters,Scarlett St. Clair, 12 hrs and 10 mins
The Mistress Next Door,Lesley Sanderson, 8 hrs and 22 mins
The Storm Before the Storm,Mike Duncan, 10 hrs and 13 mins
Accord,Daniel Schinhofen, 12 hrs and 58 mins
Olive and Oak,Aubree Pynn, 2 hrs and 11 mins
Dead Meat,Nick Clausen, 38 hrs and 9 mins
The Threadlight Trilogy,Zack Argyle, 34 hrs and 36 mins
The Ink Black Heart,Robert Galbraith, 32 hrs and 42 mins
Lost in Time,A.G. Riddle, 11 hrs and 28 mins
Battlefield of the Mind,Joyce Meyer, 6 hrs and 37 mins
Peril in Paris,Rhys Bowen, 9 hrs and 26 mins
Hunger,Roxane Gay, 5 hrs and 58 mins
Fairy Tale,Stephen King, 24 hrs and 6 mins
Investing in the Era of Climate Change,Bruce Usher, 8 hrs and 10 mins
Trends for the Twelve Signs 2023,"Raymond Merriman,Antonia Langsdorf-Merriman", 8 hrs and 38 mins
Ours,"A.K. Rose,Atlas Rose", 13 hrs and 28 mins
Lord of the Flies,William Golding, 6 hrs and 35 mins
Beneath a Scarlet Sky,Mark Sullivan, 17 hrs and 43 mins
Before They Are Hanged,Joe Abercrombie, 22 hrs and 39 mins
33 Strategies of War,Robert Greene, 27 hrs and 30 mins
Elon Musk,Ashlee Vance, 13 hrs and 23 mins
Little Fires Everywhere,Celeste Ng, 11 hrs and 27 mins
Little House in the Big Woods,Laura Ingalls Wilder, 3 hrs and 41 mins
Braiding Sweetgrass,Robin Wall Kimmerer, 16 hrs and 44 mins
Secret Sin,Jill Ramsower, 3 hrs and 2 mins
Curse of Riches,Claire Prentice, 9 hrs and 7 mins
Secretly Yours,Tessa Bailey, 10 hrs and 49 mins
The Galveston Diet,Mary Claire Haver, 5 hrs and 33 mins
A Thousand Splendid Suns,Khaled Hosseini, 11 hrs and 43 mins
"Thinking, Fast and Slow",Daniel Kahneman, 20 hrs and 2 mins
The Nature of Oaks,Douglas W. Tallamy, 4 hrs and 16 mins
Black Privilege,Charlamagne Tha God, 7 hrs and 46 mins
Get the Guy,Matthew Hussey, 7 hrs and 59 mins
Market Wizards,"Jack D. Schwager,Bruce Kovner,Richard Dennis,Paul Tudor Jones,Michael Steinhardt,Ed Seykota,Marty Schwartz,Tom Baldwin", 14 hrs and 41 mins
The Host,Stephenie Meyer, 23 hrs
"The Bad Beginning, A Multi-Voice Recording",Lemony Snicket, 2 hrs and 29 mins
Mafia Democracy,Michael Franzese, 5 hrs and 40 mins
Skill,David Greene, 13 hrs and 49 mins
On Our Knees,"Phil Wickham,Matt Litton", 3 hrs and 32 mins
Jellyfish Age Backwards,Nicklas Brendborg, 7 hrs and 15 mins
Tournament of Shadows Collection,Tilly Wallace, 23 hrs and 12 mins
Thought Reform and the Psychology of Totalism,Robert Jay Lifton, 19 hrs and 23 mins
Expanding the Borders of Zion,Charlie Bird, 5 hrs and 27 mins
The Winners,Fredrik Backman, 21 hrs and 22 mins
Portals,Douglas E. Richards, 12 hrs and 50 mins
Esperando al diluvio,Dolores Redondo, 16 hrs and 16 mins
Gothikana,RuNyx, 10 hrs and 37 mins
Tsunami,"L.T. Ryan,Brian Shea", 6 hrs and 34 mins
The Parenting Map,Shefali Tsabary, 14 hrs and 14 mins
The Name of the Wind,Patrick Rothfuss, 27 hrs and 55 mins
Every Man a King,Walter Mosley, 7 hrs and 57 mins
Tower of Basel,Adam LeBor, 10 hrs and 11 mins
The Witch of Tin Mountain,Paulette Kennedy, 10 hrs and 27 mins
8 Rules of Love,Jay Shetty, 10 hrs and 11 mins
Seven Years in Tibet,"Heinrich Harrer,Richard Graves", 11 hrs and 38 mins
Supernatural Inc.: Book 1,Simon Archer, 7 hrs and 36 mins
Next-Level Metabolism,Jade Teta, 9 hrs and 18 mins
Brutal Intentions,Lilith Vincent, 7 hrs and 25 mins
A Cult of One,Richard Grannon, 4 hrs and 31 mins
Winning the Week,"Carey Bentley,Demir Bentley", 5 hrs and 20 mins
Taking Stock,Jordan Grumet MD, 5 hrs and 51 mins
Re: Trailer Trash,FortySixtyFour, 25 hrs and 35 mins
Encore in Death,J. D. Robb, 13 hrs and 47 mins
Simply Lies,David Baldacci, 12 hrs
And There Was Light,Jon Meacham, 17 hrs and 49 mins
Chip War,Chris Miller, 12 hrs and 38 mins
"Friends, Lovers, and the Big Terrible Thing",Matthew Perry, 8 hrs and 49 mins
Cómo educar niños con déficit de atención [How to Educate Children with Attention Deficit Disorder],Miguel Rodriguez, 5 hrs and 25 mins
The Mistake,Elle Kennedy, 10 hrs and 12 mins
The Southern Lawyer,Peter O'Mahoney, 8 hrs and 34 mins
IntraConnected,Daniel J. Siegel MD, 13 hrs and 8 mins
Timothy Keller,Collin Hansen, 14 hrs and 16 mins
Beyond the Wand,Tom Felton, 6 hrs and 36 mins
Healing Hearts at Bumblebee Barn,Jessica Redland, 9 hrs and 21 mins
Sacred Marriage,Gary Thomas, 7 hrs and 43 mins
Hard to Break,Michael Ledwidge, 7 hrs and 23 mins
The Creative Act,Rick Rubin, 5 hrs and 44 mins
Carrie Soto Is Back,Taylor Jenkins Reid, 10 hrs and 30 mins
The Marriage Portrait,Maggie O'Farrell, 13 hrs and 21 mins
"Avatar, the Last Airbender: The Dawn of Yangchen",F. C. Yee, 11 hrs and 11 mins
All Things Aside,Iliza Shlesinger, 6 hrs and 16 mins
The Sisters of Sea View,Julie Klassen, 15 hrs and 32 mins
Breaking Stone,Dakota Willink, 9 hrs and 32 mins
The Scinterian's Dream: 2nd Chronicles of Arianthem II,Samantha Sabian, 8 hrs and 16 mins
Warlord of the Nightmare Realm,Doc Spears, 10 hrs and 47 mins
Drained,Suzanne Ferrell, 11 hrs and 16 mins
Head On,Larry Csonka, 10 hrs and 1 min
The Whispering Room,Dean Koontz, 16 hrs and 45 mins
Beautiful Disaster,Jamie McGuire, 10 hrs and 30 mins
Magicians of the Gods,Graham Hancock, 14 hrs and 53 mins
I Hear You,Michael S. Sorensen, 2 hrs and 45 mins
Stories I Only Tell My Friends,Rob Lowe, 9 hrs and 10 mins
When Things Fall Apart,Pema Chodron, 5 hrs and 18 mins
How to Talk to Anyone,Lucas Bailey, 4 hrs and 9 mins
The Win-Win Wealth Strategy (1st Edition),Tom Wheelwright, 5 hrs and 12 mins
Patriots,James Wesley Rawles, 21 hrs and 7 mins
A Silent Fire,Shilpa Ravella, 12 hrs and 1 min
Putin's Wars,Mark Galeotti, 15 hrs and 12 mins
Murder on Mallowan Court,Lee Strauss, 4 hrs and 50 mins
"2,000 Years of Christ's Power Volume 2",Nick Needham, 15 hrs and 46 mins
Surrender,Bono, 20 hrs and 25 mins
The Nazi Conspiracy,"Brad Meltzer,Josh Mensch", 10 hrs and 42 mins
Dreamland,Nicholas Sparks, 9 hrs and 47 mins
The Girl Who Wrote in Silk,Kelli Estes, 12 hrs and 21 mins
Where the Water Goes,David Owen, 9 hrs and 26 mins
Haven 3,Misty Vixen, 6 hrs and 18 mins
Women Who Think Too Much,Susan Nolen-Hoeksema, 2 hrs and 58 mins
"Accounting for Dummies, Third Edition",John A. Tracy, 3 hrs and 12 mins
David and Goliath,Malcolm Gladwell, 7 hrs and 1 min
The Phantom,Gena Showalter, 10 hrs and 34 mins
Hitch-22,Christopher Hitchens, 17 hrs and 29 mins
Settle for More,Megyn Kelly, 10 hrs and 7 mins
A Book of Five Rings,Miyamoto Musashi, 4 hrs and 1 min
Smarter Faster Better,Charles Duhigg, 10 hrs and 23 mins
Inglés [English],Ken Xiao, 1 hr and 19 mins
The Keeper of Lost Things,Ruth Hogan, 8 hrs and 34 mins
My Sister's Keeper,Jodi Picoult, 13 hrs and 41 mins
Robinson Crusoe,Daniel Defoe, 10 hrs and 10 mins
The Misadventures of Awkward Black Girl,Issa Rae, 5 hrs and 49 mins
You Owe You,"Eric Thomas,Chris Paul - foreword", 7 hrs and 54 mins
Savage Bonds,J Bree, 10 hrs and 30 mins
The House Witch: A Humorous Romantic Fantasy,Delemhach, 17 hrs and 4 mins
The Pentagon's Brain,Annie Jacobsen, 18 hrs and 22 mins
Legacy of Ashes,Tim Weiner, 21 hrs and 37 mins
Hamlet: Fully Dramatized Audio Edition,William Shakespeare, 3 hrs and 32 mins
Devotion,Adam Makos, 14 hrs and 44 mins
Reef Road,Deborah Goodrich Royce, 8 hrs and 58 mins
The Grimkes,Kerri K. Greenidge, 15 hrs and 52 mins
Slenderman,Kathleen Hale, 9 hrs and 31 mins
Orphan X,Gregg Hurwitz, 11 hrs and 15 mins
Demon's Throne,K.D. Robertson, 15 hrs and 38 mins
The Passenger,Cormac McCarthy, 12 hrs and 44 mins
The Girl on Hallow's Eve,A.J. Rivers, 6 hrs and 52 mins
Blood Cull,John Conroe, 8 hrs and 55 mins
What's in It for Them?,Joe Polish, 6 hrs and 6 mins
Beyond Odin's Gate,Greig Beck, 10 hrs and 39 mins
The Creature from Jekyll Island,G. Edward Griffin, 24 hrs and 21 mins
Dead Fall,Brad Thor, Not Yet Known
The Obsession,Jesse Q. Sutanto, 8 hrs and 3 mins
Cobalt Red,Siddharth Kara, 11 hrs and 18 mins
Burn the Boats,Matt Higgins, 7 hrs and 14 mins
The Davenports,Krystal Marquis, 12 hrs and 1 min
The Climate Book,Greta Thunberg, 17 hrs and 12 mins
Death by a Cornish Cove,Fliss Chester, 8 hrs and 4 mins
Play It As It Lays,Joan Didion, 3 hrs and 50 mins
Off the Edge,Kelly Weill, 7 hrs and 13 mins
"Paul, the Spirit, and the People of God","Gordon D. Fee,Dean Pinter - foreword", 8 hrs and 54 mins
Childhood Disrupted,Donna Jackson Nakazawa, 8 hrs and 4 mins
The Witness Wore Red,"Rebecca Musser,M. Bridget Cook", 14 hrs and 5 mins
Half the Battle,Elle Thorpe, 8 hrs and 8 mins
Stone Cold Fox,Rachel Koller Croft, 11 hrs and 32 mins
Sky World,B.V. Larson, 14 hrs and 11 mins
The Wizard's Crown,Michael G. Manning, 22 hrs and 7 mins
The Rational Male - The Players Handbook,Rollo Tomassi, 12 hrs and 33 mins
NHA Phlebotomy Exam 2022-2023,Mona Lindsey, 5 hrs and 4 mins
Wrath & Reign,Nikki St. Crowe, 17 hrs and 1 min
A Shepherd Looks at Psalm 23,W. Phillip Keller, 3 hrs and 43 mins
Weapons of Math Destruction,Cathy O'Neil, 6 hrs and 23 mins
Bad Feminist,Roxane Gay, 11 hrs and 46 mins
The Reunion,Kayla Olson, 9 hrs and 23 mins
"Easy to Love, Difficult to Discipline",Becky A. Bailey, 9 hrs and 23 mins
Carrion Comfort,Dan Simmons, 39 hrs and 27 mins
Water Always Wins,Erica Gies, 11 hrs and 28 mins
The Day the World Came to Town,Jim DeFede, 6 hrs and 28 mins
The Sellout,Paul Beatty, 9 hrs and 35 mins
The New Primal Blueprint,Mark Sisson, 11 hrs and 53 mins
Atomic Accidents,James Mahaffey, 15 hrs and 54 mins
Lost Boy,Christina Henry, 7 hrs and 43 mins
The Great Divorce,C. S. Lewis, 3 hrs and 22 mins
Dragon's Mage,"James Haddock,Gus James", 6 hrs and 22 mins
The Monkey Wrench Gang,Edward Abbey, 16 hrs and 41 mins
Bet on Black,Eboni K. Williams, 6 hrs and 7 mins
Everybody Knows,Jordan Harper, 9 hrs and 25 mins
Lark Ascending,Silas House, 7 hrs and 2 mins
Untouchable,Elie Honig, 8 hrs and 57 mins
Monster in the Mirror,Kristen Painter, 9 hrs and 16 mins
Troublemaker,Leah Remini, 7 hrs and 12 mins
House in Virginia 2,"Jessica N. Watkins,Tsu Surf", 6 hrs and 39 mins
Why Buddhism Is True,Robert Wright, 10 hrs and 29 mins
The Four Loves,C. S. Lewis, 2 hrs and 7 mins
Owned by a Sinner,Michelle Heard, 7 hrs and 56 mins
The Final Redemption,Michael G. Manning, 15 hrs and 31 mins
Eloise and the Grump Next Door,"Emma St. Clair,Jenny Proctor", 9 hrs and 22 mins
The Magic of Thinking Big,David Schwartz, 9 hrs and 31 mins
The Hitchhiker's Guide to the Galaxy,Douglas Adams, 5 hrs and 51 mins
The Secret,Rhonda Byrne, 4 hrs and 24 mins
The Five Dysfunctions of a Team,Patrick Lencioni, 3 hrs and 42 mins
Good to Great,Jim Collins, 10 hrs and 1 min
The Eye of the World,Robert Jordan, 29 hrs and 57 mins
SOG Chronicles: Volume One,John Stryker Meyer, 4 hrs and 39 mins
Solutions Architect's Handbook,"Saurabh Shrivastava,Neelanjali Srivastav", 17 hrs and 48 mins
The Night Travelers,Armando Lucas Correa, 9 hrs and 50 mins
An Heir Comes to Rise,Chloe C. Peñaranda, 11 hrs and 52 mins
King & Queen of the Hood 3,Shvonne Latrice, 13 hrs and 42 mins
Only Bad Options,Jennifer Estep, 12 hrs and 35 mins
The Santa Killer,Ross Greenwood, 11 hrs and 38 mins
The 7 Habits of Highly Effective People,Stephen R. Covey, 13 hrs and 4 mins
The Way of Kings,Brandon Sanderson, 45 hrs and 30 mins
How to Talk to Anyone,Leil Lowndes, 8 hrs and 59 mins
The Fellowship of the Ring,J. R. R. Tolkien, 19 hrs and 7 mins
A Game of Thrones,George R.R. Martin, 33 hrs and 46 mins
All the Light We Cannot See,Anthony Doerr, 16 hrs and 2 mins
The Last Wish,Andrzej Sapkowski, 10 hrs and 17 mins
To Kill a Mockingbird,Harper Lee, 12 hrs and 17 mins
Shoe Dog,Phil Knight, 13 hrs and 21 mins
Retail Gangster,Gary Weiss, 11 hrs and 59 mins
"How to Talk to Absolutely Anyone, Improve Your Small Talk, & Master Body Language (3 in 1)",Lucas Arnold, 11 hrs and 30 mins
Noir Reformatory,"Lexi C. Foss,Jennifer Thorn,J. R. Thorn", 7 hrs and 56 mins
Secret Tradecraft of Elite Advisors,David C. Baker, 3 hrs and 5 mins
The Faraway World,Patricia Engel, 6 hrs and 59 mins
American Gods: The Tenth Anniversary Edition (A Full Cast Production),Neil Gaiman, 19 hrs and 39 mins
Medium Raw,Anthony Bourdain, 8 hrs and 59 mins
Christian Apologetics (2nd Edition),Douglas Groothuis, 32 hrs and 41 mins
The Engine House: A Black Beacons Murder Mystery,Rhys Dylan, 9 hrs and 4 mins
Crown of Crimson,Karina Halle, 10 hrs and 10 mins
The Culture System,J.P. Nerbun, 6 hrs and 50 mins
Last Man Standing,Craig A. Falconer, 11 hrs and 4 mins
Awakened,Angela Watson, 8 hrs and 7 mins
The Lightning Thief,Rick Riordan, 10 hrs and 2 mins
Freedom from Anxiety,Paul McKenna, 2 hrs and 59 mins
Counterfeit Kingdom,"Holly Pivec,R. Douglas Geivett", 6 hrs and 41 mins
Orgullo prieto [Dark-Skinned Pride],Tenoch Huerta, 4 hrs and 54 mins
The NCLEX-RN Exam Study Guide: Premium Edition - Proven Methods to Pass the NCLEX-RN Examination with Confidence – Extensive NCLEX-RN Next Generation NCLEX (NGN) Practice Test Questions with Answers.,"Rachel Belinelli,Scientia Media Group", 15 hrs and 59 mins
Spectrum Women,"Barb Cook - editor,Dr Michelle Garnett - editor,Lisa Morgan - foreward,various", 9 hrs and 51 mins
Frayed,Laura Pavlov, 10 hrs and 51 mins
The Curse of the High IQ,Aaron Clarey, 3 hrs and 54 mins
Leading the Unleadable,Alan Willett, 5 hrs and 51 mins
The Little Book of Boards,Erik Hanberg, 5 hrs and 3 mins
The Shadow Casket,Chris Wooding, 32 hrs and 37 mins
Fierce Invalids Home from Hot Climates,Tom Robbins, 16 hrs and 47 mins
Nothing Like It in the World,Stephen E. Ambrose, 15 hrs and 37 mins
The Fourth Monkey,J. D. Barker, 12 hrs and 32 mins
Torn,Carian Cole, 12 hrs and 5 mins
A Mother's Reckoning,Sue Klebold, 11 hrs and 24 mins
The Child Thief,Brom, 19 hrs and 36 mins
Runnin' with the Devil,"Noel Monk,Joe Layden", 11 hrs and 1 min
Amazing Grace,Eric Metaxas, 10 hrs and 3 mins
The Norman Conquest,Marc Morris, 18 hrs and 10 mins
Jedediah Smith,Barton H. Barbour, 10 hrs and 7 mins
"Easy Riders, Raging Bulls",Peter Biskind, 23 hrs and 41 mins
A History of Britain: Volume 1,Simon Schama, 15 hrs and 43 mins
Introduction To Christianity (2nd Edition),"Cardinal Joseph Ratzinger,Pope Benedict XVI", 12 hrs and 4 mins
Unwanted,Cathy Glass, 7 hrs and 47 mins
Words of Radiance,Brandon Sanderson, 48 hrs and 13 mins
A Storm of Swords,George R.R. Martin, 47 hrs and 34 mins
The Ocean at the End of the Lane,Neil Gaiman, 6 hrs and 22 mins
Queen of Shadows,Sarah J. Maas, 20 hrs and 43 mins
The Complete Guide to Microdosing Psilocybin Mushrooms,Alan Alpert, 1 hr and 58 mins
Hate to Love You,Jennifer Sucevic, 10 hrs and 3 mins
Bound by Murder,Laura Gail Black, 8 hrs and 16 mins
The Santiago Trilogy,Catherine Wiltcher, 23 hrs and 46 mins
The Earth Is Weeping,Peter Cozzens, 18 hrs and 39 mins
How to Build a Car,Adrian Newey, 12 hrs and 26 mins
Astray,Jenny Schwartz, 7 hrs and 47 mins
Fae's Rebellion,"M. Lynn,Melissa A. Craven", 7 hrs and 22 mins
Be Obsessed or Be Average,Grant Cardone, 11 hrs and 4 mins
Scrum,"Jeff Sutherland,J.J. Sutherland", 6 hrs and 43 mins
One of Us Is Lying (TV Series Tie-In Edition),Karen M. McManus, 10 hrs and 43 mins
Dawn,Octavia E. Butler, 9 hrs and 20 mins
Blood of My Monster,Rina Kent, 9 hrs and 14 mins
Carnage,Sarah Bailey, 9 hrs and 40 mins
Hearts of Steel,Elizabeth Camden, 11 hrs and 52 mins
Morgenthau,Andrew Meier, 38 hrs and 44 mins
The Lost Ones,Ace Atkins, 8 hrs and 55 mins
The Stay-at-Home Mother,Nicole Trope, 7 hrs and 40 mins
The Irish Boarding House,Sandy Taylor, 8 hrs and 56 mins
Confederacy of Fear,Blaine Pardoe, 15 hrs and 15 mins
"The Borrowed World Box Set, Volume One: Books 1-3",Franklin Horton, 25 hrs and 4 mins
Finding Yourself in the New Testament,Al Carraway, 7 hrs and 52 mins
And Finally,Henry Marsh, 5 hrs and 49 mins
Firefly: Coup de Grâce,Una McCormack, 11 hrs
The Great Money Reset,Jill Schlesinger, 7 hrs and 33 mins
When Darkness Falls,"L.T. Vargus,Tim McBain", 11 hrs and 2 mins
The Wicked in Me,Suzanne Wright, 14 hrs and 45 mins
The Housemaid,Freida McFadden, 9 hrs and 46 mins
Money and the Law of Attraction,Mia Hammond, 3 hrs and 25 mins
Defiance of the Fall 8,"TheFirstDefier,JF Brink", 23 hrs and 22 mins
Dead on Arrival,Nick Pirog, 7 hrs and 18 mins
State of Shock,Marie Force, 10 hrs and 59 mins
Killing Her Softly,Beverly Barton, 14 hrs and 14 mins
Wild Fire,"Nicholas Sansbury Smith,Anthony Melchiorri", 11 hrs and 9 mins
Birds of a Feather,Jacqueline Winspear, 11 hrs and 3 mins
Checkmate: This Is War,Kennedy Fox, 8 hrs and 54 mins
4 Keys to Hearing God's Voice,Dr. Mark Virkler, 11 hrs and 40 mins
UnSelfie,Michele Borba Dr., 8 hrs and 22 mins
The Assertiveness Guide for Women,Julie de Azevedo Hanks PhD LCSW, 5 hrs and 21 mins
The Azusa Street Mission and Revival,Cecil M. Robeck, 13 hrs and 20 mins
The Martyr,Anthony Ryan, 19 hrs and 42 mins
The Masculine in Relationship,GS Youngblood, 7 hrs and 47 mins
Something from Tiffany's,Melissa Hill, 9 hrs and 33 mins
AI and Machine Learning for Coders,Laurence Moroney, 9 hrs and 17 mins
Charlie Wilson's War,George Crile, 20 hrs and 24 mins
Those Across the River,Christopher Buehlman, 9 hrs and 6 mins
The Most Beautiful,Mayte Garcia, 9 hrs and 7 mins
The Gambler,William C. Rempel, 13 hrs and 3 mins
Coolidge,Amity Shlaes, 21 hrs and 4 mins
The Mandibles,Lionel Shriver, 13 hrs and 45 mins
How Google Works,"Eric Schmidt,Jonathan Rosenberg,Alan Eagle", 9 hrs and 47 mins
Meet Me in the Bathroom,Lizzy Goodman, 19 hrs and 42 mins
The Dragon with a Chocolate Heart,Stephanie Burgis, 9 hrs and 19 mins
Flyboys,James Bradley, 14 hrs and 22 mins
Burden of the Assassin,"David Archer,Vince Vogel", 11 hrs and 52 mins
Petals on the Wind,V. C. Andrews, 17 hrs and 17 mins
The Botany of Desire,Michael Pollan, 8 hrs and 32 mins
The 36-Hour Day,"Nancy L. Mace,Peter V. Rabins", 17 hrs and 24 mins
The Witches of Scotland: The Dream Dancers,Steven P. Aitchison, 4 hrs and 43 mins
A Sea of Sorrow and Scorn,A. P. Beswick, 5 hrs and 14 mins
Delete That,John Crist, 6 hrs and 38 mins
Stop Caretaking the Borderline or Narcissist,Margalis Fjelstad, 8 hrs and 13 mins
Almost There,Farrah Rochon, 10 hrs and 6 mins
Swing,Ashleigh Renard, 9 hrs and 13 mins
Limping with God,Chad Bird, 7 hrs and 34 mins
Survival of the Richest,Douglas Rushkoff, 6 hrs and 18 mins
Learn How to Lead to Win,Mike Manazir, 8 hrs and 32 mins
Mexican Sorcery,Laura Davila, 7 hrs and 10 mins
Devil's Delight,M. C. Beaton, 7 hrs and 16 mins
The Starfish and the Spider,"Ori Brafman,Rod Beckstrom", 5 hrs and 32 mins
Critical Role: The Mighty Nein—The Nine Eyes of Lucien,"Madeleine Roux,Critical Role", 12 hrs and 43 mins
The Essays of Warren Buffett,"Lawrence A. Cunningham,Warren E. Buffett", 15 hrs and 32 mins
Cinema Speculation,Quentin Tarantino, 10 hrs and 9 mins
Hostile,Nicole Dykes, 7 hrs and 38 mins
Oath of Possession,Jane Henry, 7 hrs and 29 mins
The Winter Sea,Susanna Kearsley, 15 hrs and 49 mins
Up with the Sun,Thomas Mallon, 13 hrs and 8 mins
The Boy from Block 66,Limor Regev, 5 hrs and 48 mins
Dr. No,Percival Everett, 6 hrs and 22 mins
"The China Study, Revised and Expanded Edition","T. Colin Campbell PhD,Thomas M. Campbell II MD", 18 hrs and 2 mins
American Kingpin,Nick Bilton, 12 hrs and 14 mins
Angela's Ashes,"Frank McCourt,Jeannette Walls - introduction", 15 hrs and 8 mins
Wish,Barbara O'Connor, 4 hrs and 41 mins
Are Prisons Obsolete?,Angela Y. Davis, 4 hrs and 56 mins
The King,Christopher Andersen, 15 hrs and 38 mins
The New Life,Tom Crewe, 13 hrs and 34 mins
Worried About Everything Because I Pray About Nothing,Chad Veach, 7 hrs and 23 mins
You're Fired,Shaya Crabtree, 6 hrs and 49 mins
The Land of the Gods,H. P. Blavatsky, 5 hrs and 23 mins
Candide,Voltaire, 3 hrs and 38 mins
The Suspect,Kathryn Croft, 9 hrs and 38 mins
Chasing Catastrophe,Rick Leventhal, 11 hrs and 27 mins
Rebel Academy: The Complete Series,Rosemary A Johns, 33 hrs and 59 mins
The Shadow Watch Saga,S.A. Klopfenstein, 55 hrs and 17 mins
The Memory of an Elephant,Alex Lasker, 7 hrs and 58 mins
La cabeza de mi padre [My Father’s Head],Alma Delia Murillo, 5 hrs and 55 mins
The New Dare to Discipline,James C. Dobson, 2 hrs and 57 mins
Problem Child,Heather Long, 9 hrs and 19 mins
The Warmth of Her Affection,Elsie Fulbrook, 10 hrs and 52 mins
Created for Connection,"Sue Johnson,Kenneth Sanderfer", 10 hrs and 16 mins
The Tide: Iron Wind,Anthony J. Melchiorri, 11 hrs and 54 mins
Faith Still Moves Mountains,Harris Faulkner, 8 hrs and 48 mins
Frost,C.N. Crawford, 8 hrs and 19 mins
The Power of Habit,Charles Duhigg, 10 hrs and 53 mins
Psalm 91: God's Umbrella of Protection,Peggy Joyce Ruth, 4 hrs and 2 mins
Infinity Control,Marc Alan Edelheit, 13 hrs and 4 mins
My Jesus,"Anne Wilson,Matthew West", 4 hrs and 52 mins
The Cost of Control,Sharon Hodde Miller, 6 hrs and 52 mins
Chill and Prosper,Denise Duffield-Thomas, 8 hrs and 59 mins
Traitor King,Andrew Lownie, 8 hrs and 27 mins
Tomb of Sand,Geetanjali Shree, 18 hrs and 21 mins
Maybe We'll Make It,Margo Price, 10 hrs and 18 mins
Blackest Ocean,"J.N. Chaney,Terry Maggert", 11 hrs and 8 mins
Come Up for Air,Nick Sonnenberg, 7 hrs and 59 mins
Dark Alliance Kindred Souls,I. T. Lucas, 8 hrs and 20 mins
"Eastern Body, Western Mind",Anodea Judith, 16 hrs and 50 mins
Red Mars,Kim Stanley Robinson, 23 hrs and 51 mins
The Oz Principle,"Roger Connors,Tom Smith,Craig Hickman", 8 hrs
Other Minds,Peter Godfrey-Smith, 7 hrs and 4 mins
The Golem and the Jinni,Helene Wecker, 19 hrs and 42 mins
The Trial,Franz Kafka, 8 hrs and 53 mins
Lavender and Lightning,Thora Woods, 15 hrs and 37 mins
Wired for Story,Lisa Cron, 7 hrs and 59 mins
Living on the Inside of the Edge,Christian Kimball, 9 hrs and 13 mins
Conspiracy,Michael Shermer, 9 hrs and 59 mins
Africa Is Not a Country,Dipo Faloyin, 9 hrs and 24 mins
The 2-Hour Cocktail Party,Nick Gray, 3 hrs and 57 mins
Long Shadows,David Baldacci, 12 hrs and 3 mins
The Words,Ashley Jade, 16 hrs and 50 mins
Take Command,"Joe Hart,Michael A. Crom", 8 hrs and 2 mins
No Home for Killers,E.A. Aymar, 9 hrs and 46 mins
Inciting Joy,Ross Gay, 8 hrs and 21 mins
How to Be Loving,Danielle LaPorte, 10 hrs and 16 mins
Mysteries of Thorn Manor,Margaret Rogerson, 3 hrs and 52 mins
Conquer Emotional Eating,Ella Renée, 3 hrs and 56 mins
Play with Me,Becka Mack, 19 hrs and 41 mins
Cómo crear un canal de Youtube y un podcast [How to Start a YouTube Channel and Podcast],Elliot Shore, 6 hrs and 38 mins
Final Girls,Riley Sager, 12 hrs and 24 mins
Escaping Home,A. American, 8 hrs and 41 mins
What Lies Beneath,J. G. Hetherton, 10 hrs and 10 mins
Danger Zone,"Hal Brands,Michael Beckley", 8 hrs and 26 mins
The Queen,Andrew Morton, 14 hrs and 19 mins
Next Door Dragon Daddy,Roxie Ray, 11 hrs and 20 mins
The Catch Me If You Can,Jessica Nabongo, 12 hrs and 25 mins
Confessions of a Hustla's Housekeeper 2,Jahquel J., 7 hrs and 47 mins
Foster,Claire Keegan, 1 hr and 26 mins
Essex Dogs,Dan Jones, 13 hrs and 23 mins
Final Battle,David Horowitz, 5 hrs and 37 mins
The Prince's Alliance,Christopher G. Nuttall, 11 hrs and 48 mins
Power and Prediction,"Ajay Agrawal,Joshua Gans,Avi Goldfarb", 10 hrs and 7 mins
Dark Fall,"Brian Andrews,Jeffrey Wilson", 11 hrs and 36 mins
Profiles in Courage,John F. Kennedy, 3 hrs and 10 mins
How to Eat Fried Worms,Thomas Rockwell, 1 hr and 53 mins
Titanic: Voices From the Disaster,Deborah Hopkinson, 4 hrs and 55 mins
Common Stocks and Uncommon Profits,Philip A. Fisher, 2 hrs and 55 mins
Blood Pressure Down,"Janet Bond Brill PhD RD LDN,Emil M. de Goma MD", 7 hrs and 3 mins
Remote,"Jason Fried,David Heinemeier Hansson", 3 hrs and 22 mins
The Courage to Be,Paul Tillich, 6 hrs and 32 mins
The Extraordinary Education of Nicholas Benedict,"Trenton Lee Stewart,Diana Sudyka - illustrator", 13 hrs and 56 mins
Wisdom from Your Spirit Guides,James Van Praagh, 4 hrs and 31 mins
Gears of War: Aspho Fields,Karen Traviss, 10 hrs and 47 mins
The Oldest Cure in the World,Steve Hendricks, 17 hrs and 44 mins
COVID-19 and the Global Predators,"Peter Roger Breggin,Ginger Breggin", 24 hrs and 9 mins
A Wind in the Door,Madeleine L'Engle, 5 hrs and 27 mins
Successful Women Think Differently,Valorie Burton, 7 hrs and 14 mins
Why Zebras Don't Get Ulcers,Robert Sapolsky, 17 hrs and 16 mins
The Nordic Theory of Everything,Anu Partanen, 10 hrs and 28 mins
The Perfume Collector,Kathleen Tessaro, 12 hrs and 6 mins
Discover Your True North,Bill George, 10 hrs and 3 mins
Little Heaven,Nick Cutter, 15 hrs and 59 mins
The Bronze Horseman,Paullina Simons, 30 hrs and 43 mins
Born a Crime,Trevor Noah, 8 hrs and 44 mins
"The Sea, the Sea","Iris Murdoch,Mary Kinzie - introduction", 21 hrs
The Unbreakable Bladesong Druid,Annette Marie, 7 hrs and 50 mins
Running Wild,K. A. Tucker, 11 hrs and 40 mins
He Gets Us,Max Lucado, 1 hr and 42 mins
It's Not About the Money,Scarlett Cochran, 6 hrs and 22 mins
Honor,Thrity Umrigar, 11 hrs and 19 mins
The Mysterious Benedict Society,"Trenton Lee Stewart,Carson Ellis - illustrator", 13 hrs and 17 mins
Way of the Wolf,Jordan Belfort, 7 hrs and 28 mins
Her Bridegroom Bought and Paid For,Alice Coldbreath, 14 hrs and 10 mins
30 Days to a More Powerful Vocabulary,Dan Strutzel, 7 hrs and 48 mins
The Infinite Sea,Rick Yancey, 8 hrs and 13 mins
Baumgartners Boxed Set,Selena Kitt, 14 hrs and 52 mins
The Gospel of Mary Magdalene,Jean-Yves Leloup, 6 hrs and 16 mins
Longitude,Dava Sobel, 4 hrs and 20 mins
The Wise Men,"Evan Thomas,Walter Isaacson", 33 hrs and 27 mins
The Three-Body Problem,Cixin Liu, 14 hrs and 37 mins
Spaced Out,Stuart Gibbs, 6 hrs and 44 mins
The Love Song of Miss Queenie Hennessy,Rachel Joyce, 10 hrs and 35 mins
Swords and Deviltry,Fritz Leiber, 7 hrs and 37 mins
The Genius Files #5: License to Thrill,Dan Gutman, 5 hrs and 1 min
Charlotte Gibson Mysteries Boxed Set,Jasmine Webb, 18 hrs and 17 mins
"Open Mind, Open Heart (20th Anniversary Edition)",Thomas Keating, 5 hrs and 40 mins
Miss Percy's Pocket Guide (to the Care and Feeding of British Dragons),Quenby Olson, 12 hrs and 36 mins
The Brain over Binge Recovery Guide,Kathryn Hansen, 10 hrs and 20 mins
Saving Ceecee Honeycutt,Beth Hoffman, 10 hrs and 4 mins
The Mountain Is You,Brianna Wiest, 5 hrs and 44 mins
Psycho Fae,Jasmine Mas, 12 hrs and 2 mins
US Citizenship Test Study Guide 2022-2023,Dominic Keller, 5 hrs and 18 mins
Second Coming,J.A. Konrath, 7 hrs and 49 mins
Devouring Darkness,Chloe Neill, 10 hrs and 9 mins
Guarding Evelyn,Erin Zak, 10 hrs and 36 mins
Lone Wolf Pack: Books 1-3,Heather Hildenbrand, 28 hrs and 7 mins
Five Survive,Holly Jackson, 10 hrs and 32 mins
A Heart That Works,Rob Delaney, 3 hrs and 25 mins
Waco,Jeff Guinn, 11 hrs and 17 mins
The Crucible,Waldo Rodriguez, 22 hrs and 16 mins
The Stranger in the Woods,Michael Finkel, 6 hrs and 19 mins
Estrogeneration,Anthony G. Jay, 7 hrs and 54 mins
Mate,"Tucker Max,Geoffrey Miller PhD", 12 hrs and 43 mins
The God I Never Knew,Robert Morris, 5 hrs and 54 mins
Win Your Case,Gerry Spence, 4 hrs and 52 mins
"Tantra Illuminated: The Philosophy, History, and Practice of a Timeless Tradition",Christopher D. Wallis, 19 hrs and 4 mins
Creating Character Arcs,K.M. Weiland, 5 hrs and 7 mins
Spy Secrets That Can Save Your Life,Jason Hanson, 6 hrs and 17 mins
The Leadership Secrets of Nick Saban,John Talty, 8 hrs and 27 mins
The Broken Elf King,Leia Stone, 6 hrs and 47 mins
Opening Closed-Guard,Robert Drysdale, 13 hrs and 21 mins
The Spaceship in the Stone,Igor Nikolic, 9 hrs and 5 mins
The Time Machine,H. G. Wells, 3 hrs and 22 mins
The House Witch 3,Delemhach, 13 hrs and 1 min
Confronting Jesus,Rebecca McLaughlin, 6 hrs and 3 mins
I See Satan Fall Like Lightning,René Girard, 7 hrs and 32 mins
Extreme Ownership,"Jocko Willink,Leif Babin", 9 hrs and 33 mins
The Four Agreements,don Miguel Ruiz, 2 hrs and 31 mins
Born a Crime,Trevor Noah, 8 hrs and 44 mins
The Alchemist,Paulo Coelho, 4 hrs
Sapiens,Yuval Noah Harari, 15 hrs and 18 mins
The Untethered Soul,Michael A. Singer, 6 hrs and 11 mins
Children of Time,Adrian Tchaikovsky, 16 hrs and 31 mins
Traction,Gino Wickman, 6 hrs and 56 mins
The Tools,"Barry Michels,Phil Stutz", 7 hrs and 13 mins
"Boundaries, Updated and Expanded Edition","John Townsend,Henry Cloud", 11 hrs and 18 mins
Behind Closed Doors,B. A. Paris, 8 hrs and 30 mins
The Devil in the White City,Erik Larson, 14 hrs and 58 mins
Killers of the Flower Moon,David Grann, 9 hrs and 4 mins
The Thank You Economy,Gary Vaynerchuk, 5 hrs and 41 mins
The Bees,Laline Paull, 10 hrs and 16 mins
Christian Theology 3rd Edition,Millard J. Erickson, 63 hrs
I Am the Warrior,Holly Knight, 8 hrs and 51 mins
Your Greater Is Coming,Joel Osteen, 6 hrs and 26 mins
Confronting Jesus,Rebecca McLaughlin, 6 hrs and 3 mins
I See Satan Fall Like Lightning,René Girard, 7 hrs and 32 mins
Extreme Ownership,"Jocko Willink,Leif Babin", 9 hrs and 33 mins
The Four Agreements,don Miguel Ruiz, 2 hrs and 31 mins
Born a Crime,Trevor Noah, 8 hrs and 44 mins
The Alchemist,Paulo Coelho, 4 hrs
Sapiens,Yuval Noah Harari, 15 hrs and 18 mins
The Untethered Soul,Michael A. Singer, 6 hrs and 11 mins
Children of Time,Adrian Tchaikovsky, 16 hrs and 31 mins
Traction,Gino Wickman, 6 hrs and 56 mins
The Tools,"Barry Michels,Phil Stutz", 7 hrs and 13 mins
"Boundaries, Updated and Expanded Edition","John Townsend,Henry Cloud", 11 hrs and 18 mins
Behind Closed Doors,B. A. Paris, 8 hrs and 30 mins
The Devil in the White City,Erik Larson, 14 hrs and 58 mins
Killers of the Flower Moon,David Grann, 9 hrs and 4 mins
The Thank You Economy,Gary Vaynerchuk, 5 hrs and 41 mins
The Bees,Laline Paull, 10 hrs and 16 mins
Christian Theology 3rd Edition,Millard J. Erickson, 63 hrs
I Am the Warrior,Holly Knight, 8 hrs and 51 mins
Your Greater Is Coming,Joel Osteen, 6 hrs and 26 mins
